{
  "retrieval": {
    "recall_at_k": {
      "1": 0.025,
      "2": 0.025,
      "3": 0.025
    },
    "mrr": 0.0003333333333333334
  },
  "extraction": {
    "date_exact": 1.0,
    "capacity_exact": 1.0,
    "venue_above_threshold": 0.9603174603174603,
    "address_above_threshold": 0.4603174603174603,
    "venue_mean_fuzzy": 96.42206609419725,
    "address_mean_fuzzy": 82.78289810547875
  }
}