{
  "retrieval": {
    "recall_at_k": {
      "1": 0.025,
      "2": 0.025,
      "3": 0.025
    },
    "mrr": 0.0003333333333333334
  },
  "extraction": {
    "date_exact": 1.0,
    "capacity_exact": 1.0,
    "venue_above_threshold": 1.0,
    "address_above_threshold": 0.5158730158730159,
    "venue_mean_fuzzy": 100.0,
    "address_mean_fuzzy": 83.04415540565611
  }
}