{
  "retrieval": {
    "recall_at_k": {
      "1": 0.8421052631578947,
      "2": 0.7368421052631579,
      "3": 0.2894736842105263
    },
    "mrr": 0.0721336640422751
  },
  "extraction": {
    "date_exact": 1.0,
    "capacity_exact": 0.2839506172839506,
    "venue_above_threshold": 0.5679012345679012,
    "address_above_threshold": 0.16049382716049382,
    "venue_mean_fuzzy": 63.52052528375929,
    "address_mean_fuzzy": 24.348635036777555
  }
}