{
  "retrieval": {
    "recall_at_k": {
      "1": 0.025,
      "2": 0.025,
      "3": 0.025
    },
    "mrr": 0.00033783783783783786
  },
  "extraction": {
    "date_exact": 1.0,
    "capacity_exact": 1.0,
    "venue_above_threshold": 1.0,
    "address_above_threshold": 0.5080645161290323,
    "venue_mean_fuzzy": 100.0,
    "address_mean_fuzzy": 82.60808299024265
  }
}